State,Total Profit,Number of Buildings
CO,303338.12000000686,269
TX,941124.8599999953,285
GA,2483790.5799999973,240
