State,Total Profit,Number of Buildings
CO,303338.12000000011,269
TX,941124.8599999994,285
GA,2483790.5800000001,240
