{"Pending Integration": {"Pending Integration": 0.0}, "Finance": {"Finance - Other": 7305099.2, "Banking": 147065.63, "Insurance - Non-Healthcare": 562672.09, "Asset Management / Hedge Fund": 309054.59, "Payment Processing & Collections": 0.0, "High Frequency Trading": 54247.0}, "Government": {"Federal Research": 610185.0, "Library": 0.0, "Federal Government": 169121.30000000002, "State/Local Government": 203478.80999999997, "Other Government Offices": 0.0, "Systems Integrators - Government": 571206.9299999999}, "ZPS": {"ZPS": 0.0}, "Research & Education": {"K-12 Education": 342681.34, "Higher Education": 432138.86, "Research": 44510.759999999995}, "Systems Integrators": {"Public/Enterprise - Large Enterprise": 0.0}, "IT Infrastructure": {"Cybersecurity": 1824.92, "Cloud Service Provider": 3269708.32, "Colo/Hosting": 4520930.16}, "Energy & Manufacturing": {"Manufacturing - Other": 832966.5399999999, "Mining": 0.0, "Telecommunications Equipment Provider": 11401.0, "Cleantech/Greentech": 0.0, "Oil & Gas": 403690.15, "Utilities": 209368.91999999998, "Automotive/Vehicles": 0.0, "Consumer Goods": 17875.25, "Agriculture/Farming": 1932.0, "Renewables": 0.0}, "Telecommunications": {"RLEC": 1584531.33, "Reseller": 1828463.47, "Regional Carrier/ISP": 5982567.82, "Wireless": 17445646.82, "PTT": 4474905.7299999995, "VOIP/VSP": 117616.08000000002, "National Carrier/ISP": 31779271.09}, "Other Industry": {"Transportation": 208211.04000000004, "Accelerator": 24126.12, "Telecommunications Equipment Provider": 148375.33, "Non-Healthcare Insurance": 214149.45, "Church": 0.0, "Hospitality": 262860.1, "Non-Profit": 4836.15, "Retail": 1602271.4600000004, "Real Estate / Construction": 268277.71}, "Healthcare": {"Bio Sciences": 0.0, "Healthcare - Other": 790099.6000000003, "Hospital/Clinic": 621588.02, "Medical Devices": 90055.0, "Health Insurance": 82130.04000000001, "Healthcare": 232788.62, "Pharmaceuticals / BioTech": 123848.59999999999}, "Professional Services": {"Consulting / Other Professional Services": 1814172.0100000005, "Engineering": 236972.45, "Legal": 943756.2200000001, "Commercial Systems Integrator": 703642.9900000001, "Hospitality": 0.0, "Marketing / Ad Agency": 0.0}, "Religious Institution": {"Church": 0.0}, "Media & Content": {"Internet Content & Software": 9050913.08, "Media": 2123830.0600000005, "Gaming/eSports": 463836.57, "AdTech": 783929.63, "eCommerce": 15239.0, "Cable & Satellite": 3330570.76}, "Transportation & Logistics": {"Logistics": 8541.0, "Transportation": 0.0, "Airlines": 84410.01999999999, "Transportation - Other": 47085.0}}